{
  "case_1_(0, 0)_to_(1, 1)": {
    "start": [
      0,
      0
    ],
    "goal": [
      1,
      1
    ],
    "reward": -120.083261120685,
    "steps": 100,
    "success": false,
    "final_distance": 25.45584412271571,
    "path": [
      [
        0.0,
        0.0
      ],
      [
        1.0,
        0.0
      ],
      [
        2.0,
        0.0
      ],
      [
        3.0,
        0.0
      ],
      [
        4.0,
        0.0
      ],
      [
        4.0,
        1.0
      ],
      [
        4.0,
        2.0
      ],
      [
        4.0,
        3.0
      ],
      [
        4.0,
        4.0
      ],
      [
        4.0,
        5.0
      ],
      [
        4.0,
        6.0
      ],
      [
        5.0,
        6.0
      ],
      [
        5.0,
        7.0
      ],
      [
        6.0,
        7.0
      ],
      [
        6.0,
        8.0
      ],
      [
        7.0,
        8.0
      ],
      [
        8.0,
        8.0
      ],
      [
        8.0,
        9.0
      ],
      [
        9.0,
        9.0
      ],
      [
        9.0,
        10.0
      ],
      [
        10.0,
        10.0
      ],
      [
        10.0,
        11.0
      ],
      [
        11.0,
        11.0
      ],
      [
        11.0,
        12.0
      ],
      [
        12.0,
        12.0
      ],
      [
        13.0,
        12.0
      ],
      [
        13.0,
        13.0
      ],
      [
        14.0,
        13.0
      ],
      [
        14.0,
        14.0
      ],
      [
        15.0,
        14.0
      ],
      [
        15.0,
        15.0
      ],
      [
        16.0,
        15.0
      ],
      [
        16.0,
        16.0
      ],
      [
        17.0,
        16.0
      ],
      [
        17.0,
        17.0
      ],
      [
        18.0,
        17.0
      ],
      [
        18.0,
        18.0
      ],
      [
        18.0,
        19.0
      ],
      [
        19.0,
        19.0
      ],
      [
        19.0,
        19.0
      ],
      [
        19.0,
        19.0
      ],
      [
        19.0,
        19.0
      ],
      [
        19.0,
        19.0
      ],
      [
        19.0,
        19.0
      ],
      [
        19.0,
        19.0
      ],
      [
        19.0,
        19.0
      ],
      [
        19.0,
        19.0
      ],
      [
        19.0,
        19.0
      ],
      [
        19.0,
        19.0
      ],
      [
        19.0,
        19.0
      ],
      [
        19.0,
        19.0
      ],
      [
        19.0,
        19.0
      ],
      [
        19.0,
        19.0
      ],
      [
        19.0,
        19.0
      ],
      [
        19.0,
        19.0
      ],
      [
        19.0,
        19.0
      ],
      [
        19.0,
        19.0
      ],
      [
        19.0,
        19.0
      ],
      [
        19.0,
        19.0
      ],
      [
        19.0,
        19.0
      ],
      [
        19.0,
        19.0
      ],
      [
        19.0,
        19.0
      ],
      [
        19.0,
        19.0
      ],
      [
        19.0,
        19.0
      ],
      [
        19.0,
        19.0
      ],
      [
        19.0,
        19.0
      ],
      [
        19.0,
        19.0
      ],
      [
        19.0,
        19.0
      ],
      [
        19.0,
        19.0
      ],
      [
        19.0,
        19.0
      ],
      [
        19.0,
        19.0
      ],
      [
        19.0,
        19.0
      ],
      [
        19.0,
        19.0
      ],
      [
        19.0,
        19.0
      ],
      [
        19.0,
        19.0
      ],
      [
        19.0,
        19.0
      ],
      [
        19.0,
        19.0
      ],
      [
        19.0,
        19.0
      ],
      [
        19.0,
        19.0
      ],
      [
        19.0,
        19.0
      ],
      [
        19.0,
        19.0
      ],
      [
        19.0,
        19.0
      ],
      [
        19.0,
        19.0
      ],
      [
        19.0,
        19.0
      ],
      [
        19.0,
        19.0
      ],
      [
        19.0,
        19.0
      ],
      [
        19.0,
        19.0
      ],
      [
        19.0,
        19.0
      ],
      [
        19.0,
        19.0
      ],
      [
        19.0,
        19.0
      ],
      [
        19.0,
        19.0
      ],
      [
        19.0,
        19.0
      ],
      [
        19.0,
        19.0
      ],
      [
        19.0,
        19.0
      ],
      [
        19.0,
        19.0
      ],
      [
        19.0,
        19.0
      ],
      [
        19.0,
        19.0
      ],
      [
        19.0,
        19.0
      ],
      [
        19.0,
        19.0
      ],
      [
        19.0,
        19.0
      ],
      [
        19.0,
        19.0
      ]
    ]
  },
  "case_2_(0, 0)_to_(4, 4)": {
    "start": [
      0,
      0
    ],
    "goal": [
      4,
      4
    ],
    "reward": 20.513708498984762,
    "steps": 8,
    "success": true,
    "final_distance": 0.0,
    "path": [
      [
        0.0,
        0.0
      ],
      [
        1.0,
        0.0
      ],
      [
        2.0,
        0.0
      ],
      [
        3.0,
        0.0
      ],
      [
        4.0,
        0.0
      ],
      [
        4.0,
        1.0
      ],
      [
        4.0,
        2.0
      ],
      [
        4.0,
        3.0
      ],
      [
        4.0,
        4.0
      ]
    ]
  },
  "case_3_(0, 0)_to_(9, 9)": {
    "start": [
      0,
      0
    ],
    "goal": [
      9,
      9
    ],
    "reward": 33.65584412271571,
    "steps": 18,
    "success": true,
    "final_distance": 0.0,
    "path": [
      [
        0.0,
        0.0
      ],
      [
        1.0,
        0.0
      ],
      [
        2.0,
        0.0
      ],
      [
        3.0,
        0.0
      ],
      [
        4.0,
        0.0
      ],
      [
        4.0,
        1.0
      ],
      [
        4.0,
        2.0
      ],
      [
        4.0,
        3.0
      ],
      [
        4.0,
        4.0
      ],
      [
        4.0,
        5.0
      ],
      [
        4.0,
        6.0
      ],
      [
        5.0,
        6.0
      ],
      [
        5.0,
        7.0
      ],
      [
        6.0,
        7.0
      ],
      [
        6.0,
        8.0
      ],
      [
        7.0,
        8.0
      ],
      [
        8.0,
        8.0
      ],
      [
        8.0,
        9.0
      ],
      [
        9.0,
        9.0
      ]
    ]
  },
  "case_4_(2, 3)_to_(7, 8)": {
    "start": [
      2,
      3
    ],
    "goal": [
      7,
      8
    ],
    "reward": 23.14213562373095,
    "steps": 10,
    "success": true,
    "final_distance": 0.0,
    "path": [
      [
        2.0,
        3.0
      ],
      [
        3.0,
        3.0
      ],
      [
        4.0,
        3.0
      ],
      [
        4.0,
        4.0
      ],
      [
        4.0,
        5.0
      ],
      [
        4.0,
        6.0
      ],
      [
        5.0,
        6.0
      ],
      [
        5.0,
        7.0
      ],
      [
        6.0,
        7.0
      ],
      [
        6.0,
        8.0
      ],
      [
        7.0,
        8.0
      ]
    ]
  },
  "case_5_(0, 0)_to_(19, 19)": {
    "start": [
      0,
      0
    ],
    "goal": [
      19,
      19
    ],
    "reward": 59.940115370177594,
    "steps": 38,
    "success": true,
    "final_distance": 0.0,