{
  "case_1_(0, 0)_to_(1, 1)": {
    "start": [
      0,
      0
    ],
    "goal": [
      1,
      1
    ],
    "reward": 12.62842712474619,
    "steps": 2,
    "success": true,
    "final_distance": 0.0,
    "path": [
      [
        0.0,
        0.0
      ],
      [
        0.05263157894736842,
        0.0
      ],
      [
        0.05263157894736842,
        0.05263157894736842
      ]
    ]
  },
  "case_2_(0, 0)_to_(4, 4)": {
    "start": [
      0,
      0
    ],
    "goal": [
      4,
      4
    ],
    "reward": 20.513708498984762,
    "steps": 8,
    "success": true,
    "final_distance": 0.0,
    "path": [
      [
        0.0,
        0.0
      ],
      [
        0.05263157894736842,
        0.0
      ],
      [
        0.05263157894736842,
        0.05263157894736842
      ],
      [
        0.10526315789473684,
        0.05263157894736842
      ],
      [
        0.15789473684210525,
        0.05263157894736842
      ],
      [
        0.15789473684210525,
        0.10526315789473684
      ],
      [
        0.15789473684210525,
        0.15789473684210525
      ],
      [
        0.21052631578947367,
        0.15789473684210525
      ],
      [
        0.21052631578947367,
        0.21052631578947367
      ]
    ]
  },
  "case_3_(0, 0)_to_(9, 9)": {
    "start": [
      0,
      0
    ],
    "goal": [
      9,
      9
    ],
    "reward": 33.65584412271571,
    "steps": 18,
    "success": true,
    "final_distance": 0.0,
    "path": [
      [
        0.0,
        0.0
      ],
      [
        0.05263157894736842,
        0.0
      ],
      [
        0.05263157894736842,
        0.05263157894736842
      ],
      [
        0.10526315789473684,
        0.05263157894736842
      ],
      [
        0.15789473684210525,
        0.05263157894736842
      ],
      [
        0.15789473684210525,
        0.10526315789473684
      ],
      [
        0.15789473684210525,
        0.15789473684210525
      ],
      [
        0.15789473684210525,
        0.21052631578947367
      ],
      [
        0.21052631578947367,
        0.21052631578947367
      ],
      [
        0.21052631578947367,
        0.2631578947368421
      ],
      [
        0.2631578947368421,
        0.2631578947368421
      ],
      [
        0.2631578947368421,
        0.3157894736842105
      ],
      [
        0.3157894736842105,
        0.3157894736842105
      ],
      [
        0.3157894736842105,
        0.3684210526315789
      ],
      [
        0.3684210526315789,
        0.3684210526315789
      ],
      [
        0.42105263157894735,
        0.3684210526315789
      ],
      [
        0.42105263157894735,
        0.42105263157894735
      ],
      [
        0.47368421052631576,
        0.42105263157894735
      ],
      [
        0.47368421052631576,
        0.47368421052631576
      ]
    ]
  },
  "case_4_(2, 3)_to_(7, 8)": {
    "start": [
      2,
      3
    ],
    "goal": [
      7,
      8
    ],
    "reward": 23.14213562373095,
    "steps": 10,
    "success": true,
    "final_distance": 0.0,
    "path": [
      [
        0.10526315789473684,
        0.15789473684210525
      ],
      [
        0.15789473684210525,
        0.15789473684210525
      ],
      [
        0.15789473684210525,
        0.21052631578947367
      ],
      [
        0.21052631578947367,
        0.21052631578947367
      ],
      [
        0.21052631578947367,
        0.2631578947368421
      ],
      [
        0.2631578947368421,
        0.2631578947368421
      ],
      [
        0.2631578947368421,
        0.3157894736842105
      ],
      [
        0.3157894736842105,
        0.3157894736842105
      ],
      [
        0.3157894736842105,
        0.3684210526315789
      ],
      [
        0.3684210526315789,
        0.3684210526315789
      ],
      [
        0.3684210526315789,
        0.42105263157894735
      ]
    ]
  },
  "case_5_(0, 0)_to_(19, 19)": {
    "start": [
      0,
      0
    ],
    "goal": [
      19,
      19
    ],
    "reward": 59.9401153701776,
    "steps": 38,
    "success": true,
    "final_distance": 0.0,
    "path": [
      [
        0.0,
        0.0
      ],
      [
        0.05263157894736842,
        0.0
      ],
      [
        0.05263157894736842,
        0.05263157894736842
      ],
      [
        0.10526315789473684,
        0.05263157894736842
      ],
      [
        0.15789473684210525,
        0.05263157894736842
      ],
      [
        0.15789473684210525,
        0.10526315789473684
      ],
      [
        0.15789473684210525,
        0.15789473684210525
      ],
      [
        0.15789473684210525,
        0.21052631578947367
      ],
      [
        0.15789473684210525,
        0.2631578947368421
      ],
      [
        0.21052631578947367,
        0.2631578947368421
      ],
      [
        0.21052631578947367,
        0.3157894736842105
      ],
      [
        0.2631578947368421,
        0.3157894736842105
      ],
      [
        0.2631578947368421,
        0.3684210526315789
      ],
      [
        0.3157894736842105,
        0.3684210526315789
      ],
      [
        0.3684210526315789,
        0.3684210526315789
      ],
      [
        0.3684210526315789,
        0.42105263157894735
      ],
      [
        0.42105263157894735,
        0.42105263157894735
      ],
      [
        0.42105263157894735,
        0.47368421052631576
      ],
      [
        0.47368421052631576,
        0.47368421052631576
      ],
      [
        0.47368421052631576,
        0.5263157894736842
      ],
      [
        0.5263157894736842,
        0.5263157894736842
      ],
      [
        0.5263157894736842,
        0.5789473684210527
      ],
      [
        0.5789473684210527,
        0.5789473684210527
      ],
      [
        0.5789473684210527,
        0.631578947368421
      ],
      [
        0.631578947368421,
        0.631578947368421
      ],
      [
        0.631578947368421,
        0.6842105263157895
      ],
      [
        0.6842105263157895,
        0.6842105263157895
      ],
      [
        0.7368421052631579,
        0.6842105263157895
      ],
      [
        0.7368421052631579,
        0.7368421052631579
      ],
      [
        0.7894736842105263,
        0.7368421052631579
      ],
      [
        0.8421052631578947,
        0.7368421052631579
      ],
      [
        0.8421052631578947,
        0.7894736842105263
      ],
      [
        0.8947368421052632,
        0.7894736842105263
      ],
      [
        0.8947368421052632,
        0.8421052631578947
      ],
      [
        0.8947368421052632,
        0.8947368421052632
      ],
      [
        0.8947368421052632,
        0.9473684210526315
      ],
      [
        0.9473684210526315,
        0.9473684210526315
      ],
      [
        1.0,
        0.9473684210526315
      ],
      [
        1.0,
        1.0
      ]
    ]
  },
  "summary": {
    "successful_cases": 5,
    "total_cases": 5,
    "success_rate": 1.0
  }
}